geo_id,race_eth,pop,case_count,hosp_count,death_count,total_hosp_incidental,pcr_test_count,pcr_test_pos_count,pcr_test_pos_percent
98001,AIAN,237.7801,101,,0,,586,87,14.84641638
98001,Asian,5921.3086,1746,39,,,12141,1597,13.15377646
98001,Black,1812.3569,852,28,8,12,6301,757,12.01396604
98001,Hispanic,3885.7403,1869,58,,14,7647,1739,22.74094416
98001,Multi/Other,1669.7386,609,15,,,24273,571,2.352408025
98001,NHPI,553.4842,435,24,,,2259,382,16.91013723
98001,Unknown,,544,,0,0,12062,502,4.161830542
98001,White,21312.6389,4308,199,39,60,33508,3743,11.17046675
98002,AIAN,638.8864,367,25,,,1798,349,19.41045606
98002,Asian,2082.0616,1296,50,15,17,7177,1230,17.13807998
98002,Black,2004.7196,1266,55,,33,7884,1185,15.0304414
98002,Hispanic,7327.562,3772,111,14,40,12749,3620,28.39438387
98002,Multi/Other,1756.4481,714,30,8,9,27478,691,2.514739064
98002,NHPI,996.3441,786,53,8,15,3834,763,19.9008868
98002,Unknown,,637,,0,0,16292,598,3.670513135
98002,White,20410.9649,4868,396,124,138,39357,4544,11.54559545
98003,AIAN,390.0462,139,11,,,813,124,15.25215252
98003,Asian,7582.8524,1807,79,22,28,12630,1618,12.81076801
98003,Black,5500.9276,2707,133,17,44,17438,2437,13.97522652
98003,Hispanic,9720.4173,4191,128,13,47,16204,3857,23.80276475
98003,Multi/Other,2754.6288,844,41,,23,30809,780,2.531727742
98003,NHPI,1665.1778,985,86,13,19,4721,916,19.40266893
98003,Unknown,,788,,0,,19991,722,3.611625231
98003,White,21834.5887,4625,326,111,126,36858,4002,10.85788703
98004,AIAN,76.4424,32,,0,0,269,22,8.178438662
98004,Asian,10066.3856,2662,27,,,30083,2457,8.167403517
98004,Black,842.2218,260,,,,2142,234,10.92436975
98004,Hispanic,1895.7685,457,,0,,3648,417,11.43092105
98004,Multi/Other,1155.9651,508,,,0,33062,484,1.463916279
98004,NHPI,99.0019,39,0,0,,252,39,15.47619048
98004,Unknown,,499,,0,0,18432,455,2.468532986
98004,White,20588.5727,3237,118,37,56,41238,2876,6.974150056
98005,AIAN,49.9484,23,0,0,0,122,20,16.39344262
98005,Asian,6153.6445,1569,10,,,16666,1454,8.724348974
98005,Black,505.5061,156,,,,1086,140,12.89134438
98005,Hispanic,1482.0142,294,,0,0,2021,275,13.60712519
98005,Multi/Other,682.8359,292,,0,,15457,288,1.863233486
98005,NHPI,43.2288,28,0,0,0,190,28,14.73684211
98005,Unknown,,242,,0,0,8179,233,2.848759017
98005,White,10766.6603,1657,61,,21,18461,1512,8.190238882
98006,AIAN,90.4245,19,,0,0,205,17,8.292682927
98006,Asian,14837.7707,3405,32,,11,35005,3221,9.201542637
98006,Black,749.4174,275,,,,1984,261,13.15524194
98006,Hispanic,1617.6882,549,,0,,3465,515,14.86291486
98006,Multi/Other,1683.4201,657,,,0,35653,644,1.80629961
98006,NHPI,122.2389,61,,,0,316,56,17.72151899
98006,Unknown,,396,,0,,15139,375,2.47704604
98006,White,21171.998,3051,77,21,43,35249,2836,8.045618315
98007,AIAN,90.036,31,,0,0,213,33,15.49295775
98007,Asian,12337.1817,2319,26,,15,23830,2190,9.190096517
98007,Black,934.2704,401,15,,,2773,377,13.59538406
98007,Hispanic,3987.8685,1232,25,,8,6175,1182,19.1417004
98007,Multi/Other,946.5399,539,,,,41207,525,1.274055379
98007,NHPI,76.369,38,,0,0,246,36,14.63414634
98007,Unknown,,461,,0,,8293,444,5.353912939
98007,White,10612.1602,1978,81,27,25,21633,1847,8.53788194
98008,AIAN,102.28,25,,,,95,23,24.21052632
98008,Asian,6475.5498,1603,25,,,14488,1521,10.49834346
98008,Black,699.3316,192,,,,1466,181,12.34652115
98008,Hispanic,2393.2275,731,15,,,3503,695,19.84013703
98008,Multi/Other,992.9214,405,,,,19156,398,2.077678012
98008,NHPI,91.6806,36,,0,0,294,32,10.88435374
98008,Unknown,,311,,0,0,9273,296,3.192062979
98008,White,15317.7045,2454,115,33,36,25594,2243,8.763772759
98010,AIAN,41.2777,14,0,0,,77,15,19.48051948
98010,Asian,98.1831,157,,,,1076,156,14.49814126
98010,Black,75.2496,22,0,0,0,172,20,11.62790698
98010,Hispanic,304.1312,186,,0,,950,184,19.36842105
98010,Multi/Other,195.3074,91,,0,0,3381,88,2.602780243
98010,NHPI,21.2913,16,,0,0,70,18,25.71428571
98010,Unknown,,83,0,0,,1985,76,3.828715365
98010,White,4776.612,1148,34,,22,9578,1025,10.70160785
98011,AIAN,99.0224,22,0,0,0,394,17,4.314720812
98011,Asian,3565.7711,852,,,,7663,806,10.51807386
98011,Black,639.8484,145,,,,1303,129,9.900230238
98011,Hispanic,3521.9041,722,14,,,3873,664,17.14433256
98011,Multi/Other,1164.6612,351,,0,,12592,336,2.668360864
98011,NHPI,73.9225,31,,0,0,195,26,13.33333333
98011,Unknown,,367,0,0,0,17766,339,1.908139142
98011,White,18362.4889,3145,158,40,64,34043,2778,8.160267896
98014,AIAN,59.4069,,0,0,0,37,,
98014,Asian,287.5635,46,0,0,0,448,42,9.375
98014,Black,64.3558,,0,0,,101,,
98014,Hispanic,654.9028,122,,,0,487,97,19.91786448
98014,Multi/Other,234.1574,56,0,0,0,2053,52,2.532878714
98014,NHPI,9.9998,,0,0,0,10,,
98014,Unknown,,61,0,0,0,2667,52,1.94975628
98014,White,6591.7198,854,31,,14,9050,704,7.779005525
98019,AIAN,56.6826,,0,0,0,86,,
98019,Asian,440.2,101,,0,,987,91,9.219858156
98019,Black,52.4046,19,,0,0,121,12,9.917355372
98019,Hispanic,957.5425,225,,0,,1268,175,13.80126183
98019,Multi/Other,486.1686,85,,0,0,3234,74,2.288188002
98019,NHPI,13.3395,,,0,0,63,,
98019,Unknown,,83,0,0,0,4902,67,1.366789066
98019,White,10097.6081,1398,37,,27,13953,1101,7.890776177
98022,AIAN,308.5311,166,,0,0,817,154,18.8494492
98022,Asian,276.9401,54,,,,587,55,9.36967632
98022,Black,109.7492,53,,0,,485,51,10.51546392
98022,Hispanic,1876.6223,699,28,,,3406,670,19.67116853
98022,Multi/Other,605.2753,253,8,,,16773,242,1.442794968
98022,NHPI,43.0874,38,,0,0,186,39,20.96774194
98022,Unknown,,516,,0,,11049,492,4.452891664
98022,White,19778.2862,4678,198,57,56,38860,4338,11.16314977
98023,AIAN,309.0476,133,,0,,922,119,12.90672451
98023,Asian,9131.9773,1959,46,,18,14710,1758,11.9510537
98023,Black,4755.583,1918,61,,25,12911,1726,13.36844551
98023,Hispanic,8254.5152,3533,84,,32,14502,3187,21.97627913
98023,Multi/Other,3067.3948,917,28,10,,33447,868,2.595150537
98023,NHPI,1303.2575,1024,73,,6,5360,970,18.09701493
98023,Unknown,,790,,,,16495,732,4.437708396
98023,White,24814.7866,5397,237,54,91,42173,4724,11.20147962
98024,AIAN,35.63,,0,0,0,24,,
98024,Asian,255.2043,23,0,0,0,214,21,9.813084112
98024,Black,25.3946,,0,0,0,38,,
98024,Hispanic,277.608,49,,0,,176,39,22.15909091
98024,Multi/Other,208.9603,36,0,0,0,1683,35,2.079619727
98024,NHPI,13.2545,,0,0,0,13,,
98024,Unknown,,61,0,0,0,2112,52,2.462121212
98024,White,4809.6005,652,16,0,,6222,541,8.694953391
98027,AIAN,117.4098,33,0,0,,208,31,14.90384615
98027,Asian,3389.7891,985,8,,,9119,943,10.34104617
98027,Black,379.5357,136,,,,1076,119,11.05947955
98027,Hispanic,1880.7877,487,12,,,3000,459,15.3
98027,Multi/Other,1009.9509,374,,0,,17927,362,2.019300496
98027,NHPI,63.6162,40,,0,0,252,42,16.66666667
98027,Unknown,,275,,0,,12988,255,1.963350785
98027,White,21514.9966,3643,138,51,46,42790,3321,7.761159149
98028,AIAN,89.2725,27,0,0,0,181,14,7.73480663
98028,Asian,3323.2511,611,9,,,6724,556,8.268887567
98028,Black,435.8542,152,,0,,1388,138,9.942363112
98028,Hispanic,1971.8542,532,16,,,3110,507,16.3022508
98028,Multi/Other,1030.552,244,,0,,11828,232,1.961447413
98028,NHPI,92.3849,44,0,0,0,237,36,15.18987342
98028,Unknown,,236,0,0,,13375,221,1.652336449
98028,White,16306.8557,2629,106,24,37,29996,2355,7.851046806
98029,AIAN,72.8915,20,,0,0,122,19,15.57377049
98029,Asian,9270.7204,1644,15,,9,16870,1555,9.21754594
98029,Black,489.2559,183,,0,,1442,162,11.23439667
98029,Hispanic,1704.3067,458,,0,0,2808,430,15.31339031
98029,Multi/Other,1271.5447,423,,0,,18578,406,2.185380558
98029,NHPI,64.4556,33,,0,,249,30,12.04819277
98029,Unknown,,245,,0,0,10575,217,2.052009456
98029,White,17114.9354,2416,73,40,37,30670,2177,7.098141506
98030,AIAN,197.3289,77,,,,550,63,11.45454545
98030,Asian,7976.5995,2625,74,10,13,15390,2519,16.36777128
98030,Black,4715.1203,1347,42,,22,8811,1266,14.36840313
98030,Hispanic,6032.086,1923,51,,21,7152,1794,25.08389262
98030,Multi/Other,1961.8714,807,27,,,23879,780,3.266468445
98030,NHPI,541.1151,502,23,,,2252,471,20.91474245
98030,Unknown,,463,,0,0,13503,437,3.236317855
98030,White,15995.0499,3193,199,64,55,24645,2924,11.86447555
98031,AIAN,190.81,71,0,0,,620,69,11.12903226
98031,Asian,11828.1369,3500,90,17,22,20978,3393,16.17408714
98031,Black,4605.1661,1558,73,,26,9451,1461,15.45868162
98031,Hispanic,5478.9832,1897,45,,10,7367,1787,24.25682096
98031,Multi/Other,2074.6222,814,20,,,29408,791,2.689744287
98031,NHPI,798.1209,504,23,,,2231,490,21.96324518
98031,Unknown,,563,,0,0,15980,533,3.335419274
98031,White,17194.9288,3154,180,42,46,27206,2925,10.75130486
98032,AIAN,279.2546,108,,0,,749,94,12.55006676
98032,Asian,5137.9277,1609,41,10,,11146,1535,13.77175668
98032,Black,4223.8801,1803,61,12,25,11953,1697,14.19727265
98032,Hispanic,8635.9147,3267,107,14,45,12746,3005,23.57602385
98032,Multi/Other,1731.7977,716,26,0,,28237,691,2.447143818
98032,NHPI,1115.2814,632,42,,,3437,606,17.63165551
98032,Unknown,,612,0,0,0,14157,577,4.075722258
98032,White,13696.4651,2875,151,35,54,25712,2590,10.07311761
98033,AIAN,127.6719,28,,0,0,267,27,10.11235955
98033,Asian,5685.8549,1571,17,,11,18905,1453,7.685797408
98033,Black,675.7766,207,,0,,1466,189,12.89222374
98033,Hispanic,2352.8882,545,7,,,4000,513,12.825
98033,Multi/Other,1660.4024,583,,,,27287,565,2.070583062
98033,NHPI,133.5375,44,,0,,293,42,14.33447099
98033,Unknown,,359,0,0,0,18450,328,1.777777778
98033,White,28207.2986,4506,136,23,54,53487,4022,7.519584198
98034,AIAN,205.1166,48,,0,,295,41,13.89830508
98034,Asian,8002.5627,1678,34,13,14,16865,1562,9.261784761
98034,Black,1214.9878,348,13,,,2496,307,12.29967949
98034,Hispanic,5080.8151,1247,32,,16,6540,1158,17.70642202
98034,Multi/Other,2342.0428,719,16,,,24911,693,2.781903577
98034,NHPI,222.8272,78,,0,,518,70,13.51351351
98034,Unknown,,550,,0,0,22429,491,2.189130144
98034,White,34205.5289,5542,247,91,94,55748,4881,8.755471048
98038,AIAN,176.6799,74,,,0,469,67,14.28571429
98038,Asian,1878.9582,971,19,,,6526,916,14.03616304
98038,Black,774.5141,310,18,0,,2351,282,11.99489579
98038,Hispanic,2377.2494,734,9,0,,3433,681,19.83687737
98038,Multi/Other,1687.3164,603,,,,21733,582,2.677955183
98038,NHPI,151.6764,96,,0,,482,90,18.67219917
98038,Unknown,,488,,0,0,12742,477,3.743525349
98038,White,28034.0873,6239,171,26,62,50188,5784,11.52466725
98039,AIAN,8.4884,,0,0,0,17,,
98039,Asian,509.0625,165,,0,,1894,150,7.919746568
98039,Black,14.0966,,0,0,0,43,,
98039,Hispanic,100.1759,12,0,0,0,186,16,8.602150538
98039,Multi/Other,136.2435,25,0,0,0,3014,26,0.862641009
98039,NHPI,4.4428,,0,0,0,,,
98039,Unknown,,22,0,0,0,1528,15,0.981675393
98039,White,2465.2997,351,,,,4952,324,6.542810985
98040,AIAN,45.2688,14,,0,,205,11,5.365853659
98040,Asian,4989.2533,1032,15,,12,13384,958,7.157800359
98040,Black,485.3095,95,,0,,979,79,8.069458631
98040,Hispanic,828.0269,213,,0,,2054,185,9.006815969
98040,Multi/Other,1051.6059,355,,,,25766,327,1.269114337
98040,NHPI,47.6102,25,,0,0,190,17,8.947368421
98040,Unknown,,237,0,0,0,15914,213,1.338444137
98040,White,17022.9254,3087,88,27,41,46163,2779,6.019972705
98042,AIAN,303.8379,95,,,,632,86,13.60759494
98042,Asian,5512.836,1980,41,,12,12569,1890,15.03699578
98042,Black,2203.1063,830,35,,14,5769,781,13.53787485
98042,Hispanic,4951.5603,1682,41,,,7000,1571,22.44285714
98042,Multi/Other,2561.491,926,32,0,11,26920,898,3.335809807
98042,NHPI,326.6698,240,,0,,1239,207,16.70702179
98042,Unknown,,563,,0,,15955,535,3.353180821
98042,White,33046.9587,6776,303,63,100,54943,6178,11.24438054
98045,AIAN,134.6274,21,,,0,160,18,11.25
98045,Asian,299.3506,117,,,,808,103,12.74752475
98045,Black,82.0293,27,0,0,,216,18,8.333333333
98045,Hispanic,838.3478,177,,,0,692,149,21.53179191
98045,Multi/Other,497.0337,119,,0,,4444,98,2.205220522
98045,NHPI,37.0819,17,,,,160,18,11.25
98045,Unknown,,334,,0,,7499,197,2.627016936
98045,White,13548.2119,2179,64,23,22,18952,1676,8.843393837
98047,AIAN,89.8965,45,,0,0,239,41,17.15481172
98047,Asian,813.1072,253,,,,1487,235,15.80363147
98047,Black,260.3427,146,,0,0,814,135,16.58476658
98047,Hispanic,1226.0157,573,21,,,2002,548,27.37262737
98047,Multi/Other,373.3742,128,,0,,6345,121,1.907013396
98047,NHPI,154.7141,175,14,,,778,170,21.85089974
98047,Unknown,,125,0,0,0,2204,121,5.490018149
98047,White,3795.0786,932,38,,13,6198,852,13.7463698
98050,Asian,0.0031,,0,0,0,,,
98050,Black,5.0253,,0,0,0,,,
98050,Hispanic,7.4143,,0,0,0,,,
98050,Multi/Other,4.7298,,0,0,0,10,,
98050,Unknown,,7,0,0,0,39,,
98050,White,264.6975,76,,,,191,73,38.21989529
98051,AIAN,37.8237,,,,0,111,,
98051,Asian,71.7564,23,0,0,,92,19,20.65217391
98051,Black,13.232,12,0,,,66,11,16.66666667
98051,Hispanic,120.2439,42,,0,,182,38,20.87912088
98051,Multi/Other,113.9017,40,,0,0,1634,34,2.080783354
98051,NHPI,3.0475,,0,0,,34,,
98051,Unknown,,54,0,0,0,1076,52,4.832713755
98051,White,3521.2703,753,29,,13,5610,695,12.3885918
98052,AIAN,204.637,70,,0,0,437,62,14.18764302
98052,Asian,22017.082,4523,43,,35,48322,4288,8.873804892
98052,Black,1282.6408,339,10,,,3305,316,9.561270802
98052,Hispanic,5775.1572,1267,19,,13,7828,1200,15.3295861
98052,Multi/Other,2495.8701,980,18,,,39589,938,2.36934502
98052,NHPI,196.3645,52,,,0,402,43,10.69651741
98052,Unknown,,626,,0,,34272,587,1.712768441
98052,White,37899.7928,5133,201,83,74,61271,4685,7.646357983
98053,AIAN,54.7286,,0,0,0,54,,
98053,Asian,4616.7366,917,,,,8989,876,9.745244187
98053,Black,245.1487,84,,,,614,77,12.54071661
98053,Hispanic,965.4792,226,,,,1358,206,15.16936672
98053,Multi/Other,785.1338,297,,,0,10697,288,2.692343648
98053,NHPI,34.1583,8,0,0,0,83,,
98053,Unknown,,145,0,0,0,8082,136,1.682751794
98053,White,15507.699,1715,59,12,30,22540,1536,6.814551908
98055,AIAN,89.0517,53,0,0,,486,53,10.90534979
98055,Asian,7066.4123,1764,31,,7,10824,1662,15.35476718
98055,Black,3412.7985,992,30,9,11,6462,906,14.02042711
98055,Hispanic,2586.8965,949,26,,,3985,889,22.30865747
98055,Multi/Other,1231.0748,487,10,,,22320,461,2.065412186
98055,NHPI,275.819,206,,,,870,188,21.6091954
98055,Unknown,,399,,0,0,17352,358,2.063162748
98055,White,9377.2524,2027,87,25,39,16357,1869,11.42630067
98056,AIAN,158.9456,45,,0,0,468,42,8.974358974
98056,Asian,8702.1345,2125,45,,10,16742,2000,11.94600406
98056,Black,2786.0953,741,22,,,5914,670,11.32904971
98056,Hispanic,6003.7162,2140,52,,17,10292,1900,18.46094054
98056,Multi/Other,1806.8743,606,12,,,33498,588,1.755328676
98056,NHPI,200.3603,130,,0,,815,124,15.21472393
98056,Unknown,,596,,0,,37900,557,1.469656992
98056,White,17782.6258,3278,91,26,45,30290,2947,9.729283592
98057,AIAN,109.4522,33,0,0,0,238,36,15.12605042
98057,Asian,2793.215,631,23,,,4697,573,12.19927613
98057,Black,3628.1318,693,27,,16,5628,644,11.44278607
98057,Hispanic,2123.0157,740,13,,,3491,671,19.22085362
98057,Multi/Other,853.944,211,,,,16998,208,1.223673373
98057,NHPI,132.7957,99,,0,0,472,91,19.27966102
98057,Unknown,,218,0,0,,6464,200,3.094059406
98057,White,5902.1688,1172,68,17,13,12428,1073,8.633730286
98058,AIAN,175.9335,67,,0,0,663,60,9.049773756
98058,Asian,8779.1168,2132,33,,11,12788,2008,15.70222083
98058,Black,3859.3452,1105,43,,10,7163,1031,14.39341058
98058,Hispanic,4362.1984,1565,30,,,7048,1442,20.45970488
98058,Multi/Other,2503.9343,700,15,,,34726,676,1.946668202
98058,NHPI,317.199,235,,,,1293,208,16.08662026
98058,Unknown,,572,,0,,16791,508,3.02543029
98058,White,23966.0165,4451,166,45,45,37669,4110,10.91082853
98059,AIAN,157.4863,64,,0,0,425,52,12.23529412
98059,Asian,9486.8928,2580,40,,14,19353,2390,12.34950654
98059,Black,1324.926,480,,,,3616,429,11.86393805
98059,Hispanic,3923.7519,1406,31,,12,5761,1252,21.73233814
98059,Multi/Other,1816.2209,591,,0,,31125,562,1.80562249
98059,NHPI,231.893,97,,0,0,560,85,15.17857143
98059,Unknown,,434,,0,0,14982,383,2.556401015
98059,White,21373.0454,3873,117,17,58,34566,3491,10.09951976
98065,AIAN,114.7266,29,,0,0,131,24,18.32061069
98065,Asian,1940.2791,356,,,,2753,314,11.40573919
98065,Black,157.1188,52,0,0,0,410,43,10.48780488
98065,Hispanic,998.6503,176,,0,,937,141,15.04802561
98065,Multi/Other,717.3398,135,,,0,5395,120,2.224281742
98065,NHPI,17.4557,18,,0,0,94,17,18.08510638
98065,Unknown,,286,,0,0,7702,186,2.414957154
98065,White,11661.1256,1951,37,,17,16316,1539,9.432458936
98068,Asian,0.0766,,0,0,0,,,
98068,Black,0.0026,,0,0,0,,,
98068,Hispanic,0.1055,,,,0,,,
98068,NHPI,0.0074,,0,0,0,,,
98068,White,13.4978,,0,0,0,27,,
98070,AIAN,53.8479,,,0,0,92,,
98070,Asian,259.7753,30,,0,0,365,25,6.849315068
98070,Black,104.0388,10,0,0,0,321,,
98070,Hispanic,581.4755,102,,0,,468,64,13.67521368
98070,Multi/Other,380.8577,36,0,0,0,5809,22,0.378722672
98070,NHPI,10.2192,,0,0,0,25,,
98070,Unknown,,73,0,0,0,3721,57,1.531846278
98070,White,9404.5305,958,27,,,15203,659,4.334670789
98072,AIAN,93.1641,10,,0,0,148,11,7.432432432
98072,Asian,2797.3293,521,,,,5233,477,9.115230269
98072,Black,305.9952,69,,0,,687,57,8.296943231
98072,Hispanic,1661.3285,368,,0,,2214,334,15.08581752
98072,Multi/Other,940.3284,202,,,,8434,189,2.240929571
98072,NHPI,69.4046,21,0,0,0,154,20,12.98701299
98072,Unknown,,263,0,0,0,12097,233,1.92609738
98072,White,18696.4231,2727,102,24,45,26860,2360,8.78629933
98074,AIAN,71.9114,21,,0,0,70,10,14.28571429
98074,Asian,6865.9451,1490,16,0,,17776,1414,7.954545455
98074,Black,340.252,67,,0,0,586,56,9.556313993
98074,Hispanic,1408.3029,245,,0,,2075,224,10.79518072
98074,Multi/Other,1230.3316,401,,,,16314,393,2.408973887
98074,NHPI,35.9115,22,,0,,212,22,10.37735849
98074,Unknown,,181,,0,0,10034,180,1.793900737
98074,White,19104.8241,2221,49,20,23,28817,2039,7.075684492
98075,AIAN,50.3486,16,0,0,0,128,13,10.15625
98075,Asian,6332.0582,1484,11,,,14649,1411,9.632056796
98075,Black,249.1657,90,,,0,624,83,13.30128205
98075,Hispanic,1096.5448,270,,,,1753,248,14.14717627
98075,Multi/Other,891.9531,351,,,,14972,337,2.250868287
98075,NHPI,53.8795,16,0,0,0,120,17,14.16666667
98075,Unknown,,186,,0,,7644,165,2.15855573
98075,White,15901.5212,2112,43,18,23,24745,1892,7.645989089
98077,AIAN,55.6393,,,0,0,43,,
98077,Asian,894.5532,205,,0,,2074,191,9.209257473
98077,Black,136.9241,20,0,0,0,157,20,12.7388535
98077,Hispanic,702.3786,81,,0,0,620,70,11.29032258
98077,Multi/Other,535.8596,102,,0,,4826,95,1.968503937
98077,NHPI,32.4513,,0,0,0,42,,
98077,Unknown,,115,0,0,0,6298,112,1.778342331
98077,White,11942.6762,1341,39,,18,15660,1176,7.509578544
98092,AIAN,1354.8509,823,36,,13,3434,809,23.55853232
98092,Asian,6413.9796,1773,61,14,,11016,1656,15.03267974
98092,Black,2142.4399,990,44,,12,5578,925,16.58300466
98092,Hispanic,4793.3314,2073,61,,14,7426,1956,26.33988688
98092,Multi/Other,2366.5666,803,27,,,24492,774,3.160215581
98092,NHPI,446.5149,445,36,,,2090,418,20
98092,Unknown,,574,0,0,,14219,524,3.68520993
98092,White,30125.0178,5440,264,53,81,39014,4942,12.66724765
98101,AIAN,235.5622,61,,,,581,56,9.638554217
98101,Asian,2567.4561,1092,17,,,14072,1051,7.468732234
98101,Black,1643.5502,368,35,,33,4798,351,7.315548145
98101,Hispanic,1356.7919,404,13,,13,4437,388,8.744647284
98101,Multi/Other,648.6107,220,,0,,15743,214,1.359334307
98101,NHPI,86.8474,33,,0,0,408,32,7.843137255
98101,Unknown,,271,,0,0,24067,248,1.030456642
98101,White,9913.0958,1736,101,27,59,32137,1644,5.115598842
98102,AIAN,135.5048,34,0,0,0,321,37,11.52647975
98102,Asian,3105.4397,762,,0,,10587,741,6.999149901
98102,Black,912.5033,224,,0,,2914,212,7.275223061
98102,Hispanic,2118.9066,576,,0,,5361,557,10.38985264
98102,Multi/Other,1295.3659,352,,,,30278,346,1.142743906
98102,NHPI,90.3225,31,,0,0,304,31,10.19736842
98102,Unknown,,195,0,0,0,15174,188,1.238961381
98102,White,20312.4313,3685,38,,21,56604,3509,6.199208536
98103,AIAN,251.3713,75,,0,,743,64,8.613728129
98103,Asian,5362.9134,1330,11,,,19915,1280,6.427316093
98103,Black,1588.1164,423,14,,,4440,390,8.783783784
98103,Hispanic,3422.8608,873,15,,,9193,842,9.159142826
98103,Multi/Other,2786.2314,657,,0,,64324,635,0.987189851
98103,NHPI,146.088,80,,,,837,80,9.557945042
98103,Unknown,,413,0,0,,28494,392,1.375728223
98103,White,40061.0682,8034,92,31,54,134830,7622,5.653044575
98104,AIAN,295.8085,121,17,,,1984,110,5.544354839
98104,Asian,4953.4002,863,48,14,12,10049,831,8.26947955
98104,Black,3195.7024,914,67,11,52,11905,795,6.677866443
98104,Hispanic,1631.1767,473,27,,15,4355,431,9.896670494
98104,Multi/Other,577.4971,235,15,,,22516,216,0.959317818
98104,NHPI,75.1944,47,,,,429,49,11.42191142
98104,Unknown,,236,,0,,12108,203,1.676577469
98104,White,7440.5548,1906,127,28,93,28675,1674,5.837837838
98105,AIAN,166.0808,74,,,,999,77,7.707707708
98105,Asian,12740.4501,2743,,,,40550,2699,6.655980271
98105,Black,1264.1306,429,,,,5722,420,7.340090877
98105,Hispanic,3033.4485,886,,0,,10030,862,8.594217348
98105,Multi/Other,2986.4609,671,,0,,59012,658,1.115027452
98105,NHPI,192.2093,71,0,0,0,1271,66,5.192761605
98105,Unknown,,924,,0,0,87322,910,1.04211997
98105,White,30942.5211,6316,45,,35,109666,6156,5.613407984
98106,AIAN,229.0659,65,,0,,558,60,10.75268817
98106,Asian,6226.8152,1261,44,13,12,10965,1210,11.03511172
98106,Black,3227.3129,1046,34,,21,7176,990,13.79598662
98106,Hispanic,4391.7201,1328,39,,,7159,1233,17.22307585
98106,Multi/Other,1448.8286,470,,,,25743,458,1.779124422
98106,NHPI,368.1936,135,,,,918,129,14.05228758
98106,Unknown,,242,,0,0,9523,230,2.415205292
98106,White,10115.8945,2739,79,21,34,35915,2626,7.3117082
98107,AIAN,201.5206,36,,0,0,384,35,9.114583333
98107,Asian,2167.6123,666,,,,10756,643,5.978058758
98107,Black,828.9807,157,,,,1825,149,8.164383562
98107,Hispanic,1841.1771,424,,0,0,4760,402,8.445378151
98107,Multi/Other,1470.5004,317,,0,,32096,311,0.968968096
98107,NHPI,88.9587,36,0,0,0,317,34,10.72555205
98107,Unknown,,183,0,0,0,15540,177,1.138996139
98107,White,23250.5926,4099,72,12,32,67512,3885,5.754532528
98108,AIAN,147.926,67,,0,0,525,59,11.23809524
98108,Asian,11374.8107,2111,69,14,18,20066,2035,10.14153294
98108,Black,3771.2229,1151,46,,21,8246,1110,13.46107203
98108,Hispanic,3728.0062,1074,40,,,5595,968,17.30116175
98108,Multi/Other,1084.4344,409,12,0,,31845,401,1.259224368
98108,NHPI,206.878,122,9,,0,932,120,12.87553648
98108,Unknown,,209,0,0,0,18921,195,1.03060092
98108,White,5081.6174,1666,32,,17,25753,1590,6.174037976
98109,AIAN,229.245,44,,0,,541,39,7.208872458
98109,Asian,4397.9168,1918,8,,,25202,1849,7.336719308
98109,Black,2136.8054,389,15,,11,5557,349,6.280367105
98109,Hispanic,2272.816,657,,0,,6580,619,9.407294833
98109,Multi/Other,1531.415,410,,,,40117,402,1.002068948
98109,NHPI,161.6358,44,,0,0,570,42,7.368421053
98109,Unknown,,362,,0,0,23105,338,1.462886821
98109,White,22714.3773,3705,99,31,46,59521,3483,5.851716201
98112,AIAN,48.4134,23,0,0,0,251,22,8.764940239
98112,Asian,1717.1941,558,,0,,8035,542,6.745488488
98112,Black,1595.735,269,12,,,3601,261,7.24798667
98112,Hispanic,1143.5703,324,,0,,3638,307,8.438702584
98112,Multi/Other,1038.5817,320,0,0,,41345,312,0.75462571
98112,NHPI,38.8793,22,,,0,234,17,7.264957265
98112,Unknown,,169,,0,0,14073,154,1.094294038
98112,White,17389.7736,3516,58,,29,61735,3392,5.494452094
98115,AIAN,210.7344,63,,,,825,59,7.151515152
98115,Asian,6941.7933,1684,15,,,24869,1628,6.546302626
98115,Black,1336.1404,392,9,0,,4364,372,8.524289643
98115,Hispanic,2914.4573,780,,,,9124,758,8.307759754
98115,Multi/Other,2888.5538,773,,0,,62159,752,1.209800672
98115,NHPI,135.7527,66,,0,0,702,64,9.116809117
98115,Unknown,,389,,0,0,30289,372,1.228168642
98115,White,38605.6564,7378,99,30,60,127745,7061,5.527417903
98116,AIAN,163.5345,43,,0,,412,38,9.223300971
98116,Asian,1813.4846,472,,,,5504,436,7.921511628
98116,Black,627.7954,277,,,,2565,253,9.863547758
98116,Hispanic,1675.9949,443,,,,4172,405,9.707574305
98116,Multi/Other,1255.1804,376,,,,27543,367,1.332461969
98116,NHPI,88.7173,63,,0,,505,62,12.27722772
98116,Unknown,,235,,0,0,10054,204,2.029043167
98116,White,20828.6623,4330,83,26,32,62978,4064,6.453047096
98117,AIAN,186.2514,63,0,0,,586,58,9.897610922
98117,Asian,2317.4871,636,,,,9143,606,6.628021437
98117,Black,699.7014,165,,,,1718,156,9.08032596
98117,Hispanic,2148.3571,461,,,,4373,433,9.901669335
98117,Multi/Other,1496.1407,397,,0,,39080,384,0.982599795
98117,NHPI,87.6164,43,,0,,271,36,13.28413284
98117,Unknown,,201,0,0,0,15688,182,1.160122387
98117,White,26858.4548,5374,101,27,57,86645,5108,5.895319984
98118,AIAN,171.396,82,,0,,682,75,10.99706745
98118,Asian,17896.3778,3520,142,42,29,40994,3351,8.174366981
98118,Black,12463.1588,2820,148,30,53,24251,2705,11.15417921
98118,Hispanic,4443.1557,1416,35,,17,9155,1349,14.73511742
98118,Multi/Other,2292.3353,897,25,,,63593,880,1.383800104
98118,NHPI,526.5062,261,10,,,1649,253,15.3426319
98118,Unknown,,520,,0,0,33029,495,1.498682976
98118,White,11032.4007,3831,74,33,50,61066,3535,5.788818655
98119,AIAN,139.8972,24,,0,,376,22,5.85106383
98119,Asian,2451.4723,689,,0,,9675,660,6.821705426
98119,Black,787.2273,193,,0,0,2454,174,7.090464548
98119,Hispanic,1937.8983,473,,,,5288,447,8.453101362
98119,Multi/Other,1358.0783,281,,0,,33031,273,0.826496322
98119,NHPI,57.0659,23,0,0,0,349,25,7.163323782
98119,Unknown,,278,0,0,0,20233,229,1.131814363
98119,White,21326.9771,3367,43,16,45,57116,3197,5.597380769
98121,AIAN,172.5565,39,,0,,483,36,7.453416149
98121,Asian,4125.403,1269,13,0,,14964,1230,8.219727346
98121,Black,1750.709,331,23,,13,3899,300,7.694280585
98121,Hispanic,2019.4171,373,,0,,3383,349,10.31628732
98121,Multi/Other,1101.5728,235,,0,,14082,235,1.668797046
98121,NHPI,86.7751,26,,0,0,353,26,7.365439093
98121,Unknown,,249,,0,,9600,217,2.260416667
98121,White,13773.0359,1746,39,,20,25816,1602,6.205453982
98122,AIAN,302.0413,71,,,0,603,60,9.950248756
98122,Asian,5054.0017,1593,15,,,23607,1540,6.523488796
98122,Black,7268.6213,1237,55,10,25,14169,1176,8.299809443
98122,Hispanic,4046.3313,1017,,,,12032,990,8.228058511
98122,Multi/Other,2572.5259,540,16,,,52668,523,0.993012835
98122,NHPI,185.1265,61,,0,0,876,57,6.506849315
98122,Unknown,,414,,0,0,32647,395,1.20991209
98122,White,23618.9246,5124,56,,49,91761,4920,5.361754994
98125,AIAN,316.1446,77,,,,898,78,8.68596882
98125,Asian,8487.8955,1618,38,,,20408,1529,7.492159937
98125,Black,3675.8536,1219,46,,17,10636,1155,10.85934562
98125,Hispanic,4196.8308,1212,24,,14,9130,1160,12.70536692
98125,Multi/Other,2392.5739,599,,0,,42437,590,1.390296204
98125,NHPI,315.0293,97,,0,,1009,95,9.415262636
98125,Unknown,,356,,0,0,32558,344,1.056575957
98125,White,23621.1743,4516,152,60,73,74636,4193,5.617932365
98126,AIAN,183.1701,70,,,0,451,62,13.74722838
98126,Asian,2806.4268,582,17,,,7114,561,7.88585887
98126,Black,2940.912,954,16,,12,6496,912,14.03940887
98126,Hispanic,2314.7115,570,23,0,,4687,542,11.56390015
98126,Multi/Other,1249.4535,397,8,,,29648,388,1.308688613
98126,NHPI,183.7423,54,,,0,445,50,11.23595506
98126,Unknown,,208,,0,0,8922,200,2.241649854
98126,White,15380.0714,3129,76,31,35,47367,2949,6.225853442
98133,AIAN,401.812,116,,,,1229,104,8.462164361
98133,Asian,10107.0902,1911,39,12,14,21796,1816,8.331804001
98133,Black,3891.516,1282,42,,19,10551,1212,11.48706284
98133,Hispanic,4695.1855,1575,48,,17,10277,1519,14.78057799
98133,Multi/Other,2618.468,756,15,,,47306,737,1.55794191
98133,NHPI,284.7875,173,,,,991,156,15.74167508
98133,Unknown,,460,,0,0,24152,437,1.809373965
98133,White,27935.3111,5834,219,70,101,80997,5442,6.718767362
98134,AIAN,36.2666,,0,0,,83,,
98134,Asian,246.9035,75,,0,,1144,74,6.468531469
98134,Black,164.7136,52,,0,,480,46,9.583333333
98134,Hispanic,159.9507,35,,0,0,550,36,6.545454545
98134,Multi/Other,71.4998,14,,0,0,1311,12,0.915331808
98134,NHPI,16.3435,,0,0,0,21,,
98134,Unknown,,86,0,0,0,8676,85,0.979714154
98134,White,519.568,189,,0,,2328,165,7.087628866
98136,AIAN,83.1415,20,0,0,0,226,20,8.849557522
98136,Asian,981.4292,259,,0,,3294,242,7.346690953
98136,Black,453.5677,107,0,0,,1165,103,8.841201717
98136,Hispanic,1031.4728,262,,0,,2462,253,10.27619821
98136,Multi/Other,764.0158,220,,0,0,19480,215,1.103696099
98136,NHPI,54.9281,30,0,0,,280,31,11.07142857
98136,Unknown,,131,,0,0,5829,124,2.127294562
98136,White,12484.6544,2605,38,10,22,38462,2527,6.570121159
98144,AIAN,199.4093,85,,,,854,80,9.367681499
98144,Asian,9306.2048,1588,74,22,14,20152,1544,7.661770544
98144,Black,6624.1742,1379,78,23,40,14443,1311,9.077061552
98144,Hispanic,3948.0116,1278,36,,,9226,1208,13.09343161
98144,Multi/Other,1814.7929,505,10,,,44284,498,1.12455966
98144,NHPI,131.6918,115,,0,,819,106,12.94261294
98144,Unknown,,359,,0,0,19403,323,1.664691027
98144,White,10648.8668,3480,54,22,48,56916,3271,5.747065851
98146,AIAN,228.9706,84,,,,550,73,13.27272727
98146,Asian,5838.6665,1247,35,,16,9140,1193,13.05251641
98146,Black,1949.1373,719,34,,19,4979,672,13.49668608
98146,Hispanic,6485.5609,1997,60,14,18,8809,1747,19.83199001
98146,Multi/Other,1366.5418,406,12,,,21909,388,1.770961705
98146,NHPI,510.9213,149,,0,,1032,138,13.37209302
98146,Unknown,,340,0,0,0,10520,307,2.918250951
98146,White,12796.8931,2739,98,30,36,32683,2595,7.939907597
98148,AIAN,64.8126,22,0,0,0,128,23,17.96875
98148,Asian,1225.8762,409,9,,,2875,388,13.49565217
98148,Black,925.5404,379,15,,,2794,358,12.81317108
98148,Hispanic,2295.7306,836,27,,,3779,754,19.95236835
98148,Multi/Other,544.1889,173,,,0,8154,165,2.023546726
98148,NHPI,237.7753,100,,0,,745,87,11.67785235
98148,Unknown,,331,0,0,0,13389,314,2.345208753
98148,White,4539.9058,1184,55,16,23,11284,1084,9.60652251
98155,AIAN,208.9966,57,,0,0,664,59,8.885542169
98155,Asian,5782.9846,1317,27,13,,13409,1256,9.366843165
98155,Black,1694.0621,722,19,,22,6262,682,10.89108911
98155,Hispanic,2675.7222,921,12,,,5674,869,15.31547409
98155,Multi/Other,1861.7425,576,,,0,31389,562,1.79043614
98155,NHPI,140.0773,97,,,0,700,86,12.28571429
98155,Unknown,,373,,0,0,20718,354,1.708659137
98155,White,22170.6019,4799,151,62,46,66619,4458,6.691784626
98158,Black,,,0,0,0,28,,
98158,Unknown,,,0,0,0,2778,,
98158,White,0.0013,,0,0,0,103,,
98166,AIAN,160.9979,55,,0,0,342,55,16.08187135
98166,Asian,1804.3904,404,14,,,3532,383,10.84371461
98166,Black,776.7193,254,10,,,2205,241,10.92970522
98166,Hispanic,4150.9626,1037,40,,7,5189,901,17.36365388
98166,Multi/Other,921.4992,278,,0,0,16100,268,1.664596273
98166,NHPI,237.9867,79,,0,,551,76,13.79310345
98166,Unknown,,265,0,0,,10386,240,2.310803004
98166,White,15034.407,2744,120,25,45,32469,2563,7.893683206
98168,AIAN,329.4627,115,,0,,829,90,10.85645356
98168,Asian,7761.0016,2232,57,14,20,13265,2173,16.38145496
98168,Black,4626.604,1471,60,,29,9487,1385,14.59892484
98168,Hispanic,8690.2128,3111,84,22,29,13598,2817,20.71628181
98168,Multi/Other,1727.5396,570,12,,,30073,554,1.842184019
98168,NHPI,1062.1482,367,27,,,2190,346,15.79908676
98168,Unknown,,536,0,0,,13429,501,3.730731998
98168,White,12518.2577,2736,134,23,45,26108,2486,9.521985598
98177,AIAN,78.1219,15,0,0,0,195,14,7.179487179
98177,Asian,2134.7096,479,,,,6025,448,7.435684647
98177,Black,485.1198,136,,0,,1229,125,10.17087063
98177,Hispanic,864.0301,276,,,0,2094,254,12.12989494
98177,Multi/Other,810.3112,265,,0,,18825,260,1.381142098
98177,NHPI,40.963,40,,0,,216,39,18.05555556
98177,Unknown,,174,,0,0,9166,154,1.680122191
98177,White,15471.3684,3091,109,41,28,43233,2861,6.617630051
98178,AIAN,124.0257,88,,0,,724,81,11.1878453
98178,Asian,8276.8615,1998,58,15,12,12864,1905,14.80876866
98178,Black,6508.8153,1808,63,,18,13011,1671,12.84297902
98178,Hispanic,2214.5803,910,23,,,3975,837,21.05660377
98178,Multi/Other,1451.7185,499,12,,,29857,486,1.627758984
98178,NHPI,252.7197,166,,0,,868,152,17.51152074
98178,Unknown,,310,,0,0,9723,286,2.941478967
98178,White,5887.5443,1558,56,9,17,16449,1423,8.650981823
98188,AIAN,180.1818,80,,,,499,72,14.42885772
98188,Asian,4338.452,1527,53,,15,9900,1471,14.85858586
98188,Black,4745.0598,1735,61,,27,10625,1673,15.74588235
98188,Hispanic,4348.0605,1723,48,,11,7639,1608,21.04987564
98188,Multi/Other,1140.7605,517,18,,,24840,509,2.049114332
98188,NHPI,948.3863,371,24,,,1904,357,18.75
98188,Unknown,,556,,0,,11805,518,4.387971199
98188,White,8571.2983,1831,115,28,33,18440,1766,9.577006508
98195,AIAN,15.1854,,0,0,0,33,,
98195,Asian,1173.0595,116,0,0,,2049,116,5.661298194
98195,Black,71.2401,10,0,0,0,193,11,5.699481865
98195,Hispanic,240.7164,33,0,0,0,554,29,5.23465704
98195,Multi/Other,306.0527,25,0,0,0,4176,20,0.478927203
98195,NHPI,12.0984,,0,0,0,68,,
98195,Unknown,,157,,0,0,9316,152,1.631601546
98195,White,1773.354,140,0,0,,4318,137,3.172765169
98198,AIAN,318.3427,120,,,,737,110,14.92537313
98198,Asian,5044.7155,1484,39,11,,10357,1394,13.45949599
98198,Black,4098.222,1850,61,16,31,11631,1700,14.61611211
98198,Hispanic,7170.3317,2571,73,,27,11940,2355,19.72361809
98198,Multi/Other,1752.5365,718,26,,8,29362,691,2.353381922
98198,NHPI,1041.8512,510,39,,,2697,481,17.83463107
98198,Unknown,,697,0,0,,28866,581,2.012748562
98198,White,17488.2585,3886,221,63,74,37561,3447,9.177071963
98199,AIAN,80.648,15,,0,0,228,19,8.333333333
98199,Asian,1898.3788,430,,,,6936,413,5.9544406
98199,Black,412.2079,94,,0,0,828,81,9.782608696
98199,Hispanic,1208.5945,376,,,,2832,338,11.93502825
98199,Multi/Other,1003.7108,212,,0,0,24680,205,0.830632091
98199,NHPI,91.64,29,0,0,0,190,28,14.73684211
98199,Unknown,,189,0,0,0,10566,173,1.637327276
98199,White,16813.1369,2918,46,,19,45695,2767,6.055367108
98224,Hispanic,10.4562,,0,0,0,,,
98224,Multi/Other,0.9892,,0,0,0,264,,
98224,White,108.7009,13,0,0,0,228,,
98251,Unknown,,,0,0,0,49,0,0
98251,White,4438.0255,,0,0,0,37,,
98288,Hispanic,6.5454,,0,0,0,,,
98288,Multi/Other,2.916,,0,0,0,183,,
98288,NHPI,0.0891,,0,0,0,,,
98288,Unknown,,,0,0,0,162,,
98288,White,310.4484,32,0,,,261,27,10.34482759
98354,AIAN,78.9537,,0,0,,44,,
98354,Asian,475.8912,,0,0,0,25,,
98354,Black,256.767,10,0,0,0,35,,
98354,Hispanic,501.2727,39,0,0,0,82,35,42.68292683
98354,Multi/Other,394.2175,15,,0,,27,,
98354,NHPI,81.7614,16,0,0,0,24,10,41.66666667
98354,Unknown,,25,,0,0,161,20,12.42236025
98354,White,5573.1627,160,15,,,506,131,25.88932806
Other/Unknown,AIAN,,75,,0,,2105,68,3.2304038
Other/Unknown,Asian,,884,,,,14898,828,5.557792992
Other/Unknown,Black,,566,24,,,10404,534,5.132641292
Other/Unknown,Hispanic,,973,26,,,14626,924,6.317516751
Other/Unknown,Multi/Other,,350,,,0,112804,328,0.290769831
Other/Unknown,NHPI,,119,7,,,1454,108,7.42778542
Other/Unknown,Unknown,,1449,,0,,356525,1371,0.384545263
Other/Unknown,White,,2516,114,23,47,69500,2275,3.273381295
98068,Multi/Other,1.3359,,,,,52,0,0
98068,Unknown,,,,,,28,0,0
98158,Asian,,,,,,55,0,0
98158,Hispanic,,,,,,23,0,0
98158,Multi/Other,,,,,,144,0,0
98224,Unknown,,,,,,107,0,0
98288,AIAN,4.7587,,,,,,0,
98288,Asian,4.9187,,,,,,0,
